"design","genre"
"acotar","sci-fi-fantasy"
"adversary","british-literature"
"aeneid","epics"
"aesop","story-collections"
"alice","british-literature"
"andersen","story-collections"
"android","source-code"
"antonia","american-literature"
"arabian","story-collections"
"ashes","contemporary"
"awakening","american-literature"
"babel","contemporary"
"balloon","sci-fi-fantasy"
"beast","romance"
"beauty","british-literature"
"bestofpoe","sci-fi-fantasy"
"beyond","nonfiction"
"bfg","contemporary"
"bigshort","nonfiction"
"blueberries","contemporary"
"bondage","british-literature"
"bough","nonfiction"
"boxcar","contemporary"
"breakfast","contemporary"
"brief","contemporary"
"brother","sci-fi-fantasy"
"buddha","contemporary"
"caged","american-literature"
"canterbury","british-literature"
"carol","british-literature"
"carol2","british-literature"
"chasers","contemporary"
"chatterley","british-literature"
"chekhov","plays"
"cinder","sci-fi-fantasy"
"circle","american-literature"
"clerks","film"
"clockwork","british-literature"
"confucius","nonfiction"
"corduroy","contemporary"
"cradle","sci-fi-fantasy"
"cthulhu","sci-fi-fantasy"
"cyoa","contemporary"
"darkestminds","young-adult"
"darkness","british-literature"
"darwin","nonfiction"
"davinci","nonfiction"
"december","story-collections"
"dickinson","poetry"
"divine","epics"
"doll","plays"
"dorian","british-literature"
"douglass","nonfiction"
"dracula","british-literature"
"dracula2","british-literature"
"dragonfly","sci-fi-fantasy"
"dubliners","story-collections"
"ducklings","childrens"
"earnest","plays"
"eliot","poetry"
"ella","young-adult"
"emerson","american-literature"
"emma","british-literature"
"emma2","british-literature"
"engine","childrens"
"expectations","british-literature"
"eyre","british-literature"
"eyre2","british-literature"
"fairy","british-literature"
"fang","american-literature"
"faraday","nonfiction"
"farewell","american-literature"
"feed","sci-fi-fantasy"
"flag","nonfiction"
"forwhom","american-literature"
"frankenstein","sci-fi-fantasy"
"franklin","nonfiction"
"freud","nonfiction"
"frogtoad","contemporary"
"gables","childrens"
"garden","british-literature"
"gatsby","american-literature"
"giver","sci-fi-fantasy"
"glass","sci-fi-fantasy"
"glass2","sci-fi-fantasy"
"goodnight","contemporary"
"goodwill","film"
"grass","poetry"
"great","american-literature"
"grimm","story-collections"
"gulliver","sci-fi-fantasy"
"hadoop","source-code"
"haeckel","nonfiction"
"hamlet","british-literature"
"hardyboys","childrens"
"heart","british-literature"
"henry","british-literature"
"hoot","young-adult"
"huck","american-literature"
"iliad","epics"
"innocence","american-literature"
"invisible","sci-fi-fantasy"
"invisible2","sci-fi-fantasy"
"island","sci-fi-fantasy"
"james","contemporary"
"jekyll","british-literature"
"jekyll2","british-literature"
"journey","sci-fi-fantasy"
"juliet","british-literature"
"jungle","british-literature"
"justso","british-literature"
"kafka","sci-fi-fantasy"
"kamasutra","nonfiction"
"killbill","film"
"kingkiller1","sci-fi-fantasy"
"kinglear","british-literature"
"kiterunner","contemporary"
"kushiel","contemporary"
"leagues","sci-fi-fantasy"
"lesmis","plays"
"lesmis2","plays"
"lightning","contemporary"
"littlehouse","childrens"
"littleprince","childrens"
"lottery","american-literature"
"love","contemporary"
"lyell","nonfiction"
"macbeth","british-literature"
"madding","british-literature"
"matilda","contemporary"
"mazerunner","contemporary"
"mesos","source-code"
"middlemarch","british-literature"
"midsummer","british-literature"
"milton","british-literature"
"mixedup","contemporary"
"moby","american-literature"
"moneyball","nonfiction"
"morph","sci-fi-fantasy"
"muchado","british-literature"
"mysterious","mystery"
"mythology","story-collections"
"naked","contemporary"
"nancydrew","contemporary"
"newton","nonfiction"
"odyssey","epics"
"oldman","american-literature"
"oliver","british-literature"
"ontheroad","american-literature"
"ophelia","british-literature"
"orchid","american-literature"
"oscar","contemporary"
"othello","british-literature"
"outlander","sci-fi-fantasy"
"oz","american-literature"
"paradise","american-literature"
"pb1","sci-fi-fantasy"
"pb1book","sci-fi-fantasy"
"pb1film","sci-fi-fantasy"
"pb2","sci-fi-fantasy"
"pb2book","sci-fi-fantasy"
"pb2film","sci-fi-fantasy"
"pb3","sci-fi-fantasy"
"pb3book","sci-fi-fantasy"
"pb3film","sci-fi-fantasy"
"pendulum","sci-fi-fantasy"
"persuasion","british-literature"
"persuasion2","british-literature"
"peter","british-literature"
"phantom","plays"
"phenomenal","poetry"
"pinocchio","childrens"
"plato","nonfiction"
"poke","contemporary"
"pooteeweet","sci-fi-fantasy"
"prejudice","british-literature"
"prep","contemporary"
"pride","british-literature"
"pride3","british-literature"
"prince","nonfiction"
"princess","childrens"
"pulp1","film"
"pygmalion","plays"
"queequeg","american-literature"
"rabbit","british-literature"
"rainbowfish","childrens"
"rake","romance"
"raven","american-literature"
"redqueen","sci-fi-fantasy"
"robin","american-literature"
"robinson","british-literature"
"romeo","british-literature"
"sabriel","contemporary"
"sand","sci-fi-fantasy"
"scarlet","american-literature"
"scarletmeyer","sci-fi-fantasy"
"scissors","contemporary"
"sense","british-literature"
"sensibility","british-literature"
"shadowshaper","sci-fi-fantasy"
"shelley","sci-fi-fantasy"
"sherlock","british-literature"
"sherlock2","british-literature"
"sirens","contemporary"
"sleepy","american-literature"
"slowregard","sci-fi-fantasy"
"spark","source-code"
"strunk","nonfiction"
"swingers","film"
"swordspoint","sci-fi-fantasy"
"tarzan","american-literature"
"telltale","american-literature"
"tempest","british-literature"
"tess","british-literature"
"think","nonfiction"
"time","sci-fi-fantasy"
"tinman","plays"
"tithe","sci-fi-fantasy"
"tom","american-literature"
"treasure","british-literature"
"tttw","american-literature"
"twocities","british-literature"
"uncletom","american-literature"
"unicorn","sci-fi-fantasy"
"usher","sci-fi-fantasy"
"voyager","sci-fi-fantasy"
"walden","american-literature"
"war","nonfiction"
"warworlds","sci-fi-fantasy"
"wealth","nonfiction"
"wewereliars","contemporary"
"wheatley","poetry"
"whiterabbit","british-literature"
"wild","american-literature"
"wind","british-literature"
"winndixie","childrens"
"wizard","american-literature"
"women","american-literature"
"wonder","contemporary"
"wonderland","british-literature"
"wonka","contemporary"
"wordsworth","poetry"
"world","sci-fi-fantasy"
"wuthering","british-literature"
"acotar"," contemporary"
"adversary"," mystery"
"aesop"," childrens"
"alice"," childrens"
"andersen"," childrens"
"ashes"," nonfiction"
"beast"," sci-fi-fantasy"
"beauty"," childrens"
"bestofpoe"," american-literature"
"bfg"," childrens"
"blueberries"," childrens"
"boxcar"," childrens"
"breakfast"," american-literature"
"brief"," nonfiction"
"brother"," american-literature"
"buddha"," nonfiction"
"caged"," contemporary"
"carol"," plays"
"carol2"," plays"
"chasers"," poetry"
"cinder"," contemporary"
"circle"," contemporary"
"clockwork"," sci-fi-fantasy"
"corduroy"," childrens"
"cradle"," american-literature"
"cthulhu"," american-literature"
"cyoa"," childrens"
"darkestminds"," contemporary"
"darwin"," science"
"davinci"," essay-collections"
"dragonfly"," contemporary"
"ducklings"," contemporary"
"emerson"," essay-collections"
"fairy"," story-collections"
"faraday"," science"
"feed"," contemporary"
"frankenstein"," british-literature"
"freud"," science"
"frogtoad"," childrens"
"garden"," plays"
"giver"," young-adult"
"glass"," contemporary"
"glass2"," contemporary"
"goodnight"," childrens"
"grimm"," childrens"
"gulliver"," british-literature"
"haeckel"," science"
"hamlet"," plays"
"henry"," plays"
"invisible"," british-literature"
"invisible2"," british-literature"
"island"," british-literature"
"james"," childrens"
"juliet"," plays"
"jungle"," childrens"
"justso"," story-collections"
"kingkiller1"," contemporary"
"kinglear"," plays"
"lightning"," young-adult"
"littlehouse"," american-literature"
"lyell"," science"
"macbeth"," plays"
"matilda"," childrens"
"mazerunner"," young-adult"
"midsummer"," plays"
"milton"," epics"
"mixedup"," young-adult"
"muchado"," plays"
"naked"," romance"
"nancydrew"," childrens"
"newton"," science"
"oliver"," plays"
"ontheroad"," contemporary"
"ophelia"," plays"
"orchid"," contemporary"
"othello"," plays"
"outlander"," contemporary"
"oz"," childrens"
"pb1"," contemporary"
"pb1book"," contemporary"
"pb1film"," contemporary"
"pb2"," contemporary"
"pb2book"," contemporary"
"pb2film"," contemporary"
"pb3"," contemporary"
"pb3book"," contemporary"
"pb3film"," contemporary"
"pendulum"," american-literature"
"peter"," childrens"
"poke"," nonfiction"
"pooteeweet"," american-literature"
"prep"," young-adult"
"pride3"," romance"
"rabbit"," story-collections"
"raven"," poetry"
"redqueen"," contemporary"
"robin"," childrens"
"romeo"," plays"
"sabriel"," sci-fi-fantasy"
"sand"," contemporary"
"scarletmeyer"," contemporary"
"shelley"," british-literature"
"sherlock"," mystery"
"sherlock2"," mystery"
"sirens"," american-literature"
"slowregard"," contemporary"
"swordspoint"," contemporary"
"tempest"," plays"
"time"," british-literature"
"tinman"," american-literature"
"tithe"," contemporary"
"tttw"," contemporary"
"unicorn"," contemporary"
"usher"," american-literature"
"voyager"," contemporary"
"warworlds"," british-literature"
"wealth"," science"
"wewereliars"," young-adult"
"whiterabbit"," childrens"
"wind"," childrens"
"winndixie"," american-literature"
"wizard"," childrens"
"wonder"," childrens"
"wonderland"," childrens"
"wonka"," childrens"
"acotar"," young-adult"
"bestofpoe"," mystery"
"bfg"," british-literature"
"breakfast"," sci-fi-fantasy"
"brief"," science"
"brother"," contemporary"
"caged"," nonfiction"
"cinder"," young-adult"
"darkestminds"," sci-fi-fantasy"
"fairy"," childrens"
"feed"," young-adult"
"garden"," childrens"
"glass"," young-adult"
"glass2"," young-adult"
"hamlet"," shakespeare"
"henry"," shakespeare"
"james"," british-literature"
"juliet"," shakespeare"
"justso"," childrens"
"kinglear"," shakespeare"
"lightning"," sci-fi-fantasy"
"macbeth"," shakespeare"
"matilda"," british-literature"
"mazerunner"," sci-fi-fantasy"
"midsummer"," shakespeare"
"muchado"," shakespeare"
"nancydrew"," mystery"
"ophelia"," shakespeare"
"orchid"," nonfiction"
"othello"," shakespeare"
"pb1"," film"
"pb1book"," film"
"pb1film"," film"
"pb2"," film"
"pb2book"," film"
"pb2film"," film"
"pb3"," film"
"pb3book"," film"
"pb3film"," film"
"pooteeweet"," contemporary"
"rabbit"," childrens"
"redqueen"," young-adult"
"romeo"," shakespeare"
"sabriel"," young-adult"
"scarletmeyer"," young-adult"
"sirens"," sci-fi-fantasy"
"tempest"," shakespeare"
"tinman"," childrens"
"tithe"," young-adult"
"unicorn"," childrens"
"usher"," mystery"
"winndixie"," contemporary"
"wonka"," british-literature"
"bestofpoe"," story-collections"
"brother"," young-adult"
"pb1"," childrens"
"pb1book"," childrens"
"pb1film"," childrens"
"pb2"," childrens"
"pb2book"," childrens"
"pb2film"," childrens"
"pb3"," childrens"
"pb3book"," childrens"
"pb3film"," childrens"
